[{
  "_id": {
    "$oid": "651f7a4208b61047d890eca7"
  },
  "senderNickname": "박기택",
  "message": "금융",
  "senderUUID": "82926a27-1855-4fa3-b2e5-4e15e6fa4b12",
  "balanceGameIdx": 1,
  "createdTime": {
    "$date": "2023-10-06T03:08:50.932Z"
  },
  "_class": "com.ntt.mwonimoney.domain.game.entity.Chat"
},
{
  "_id": {
    "$oid": "651f7a4808b61047d890eca8"
  },
  "senderNickname": "박기택",
  "message": "주식",
  "senderUUID": "82926a27-1855-4fa3-b2e5-4e15e6fa4b12",
  "balanceGameIdx": 1,
  "createdTime": {
    "$date": "2023-10-06T03:08:56.458Z"
  },
  "_class": "com.ntt.mwonimoney.domain.game.entity.Chat"
},
{
  "_id": {
    "$oid": "651f7a5608b61047d890eca9"
  },
  "senderNickname": "박기택",
  "message": "매수",
  "senderUUID": "82926a27-1855-4fa3-b2e5-4e15e6fa4b12",
  "balanceGameIdx": 1,
  "createdTime": {
    "$date": "2023-10-06T03:09:10.087Z"
  },
  "_class": "com.ntt.mwonimoney.domain.game.entity.Chat"
},
{
  "_id": {
    "$oid": "651f7a5708b61047d890ecaa"
  },
  "senderNickname": "박기택",
  "message": "매도",
  "senderUUID": "82926a27-1855-4fa3-b2e5-4e15e6fa4b12",
  "balanceGameIdx": 1,
  "createdTime": {
    "$date": "2023-10-06T03:09:11.640Z"
  },
  "_class": "com.ntt.mwonimoney.domain.game.entity.Chat"
},
{
  "_id": {
    "$oid": "651f7a5a08b61047d890ecab"
  },
  "senderNickname": "박기택",
  "message": "사랑",
  "senderUUID": "82926a27-1855-4fa3-b2e5-4e15e6fa4b12",
  "balanceGameIdx": 1,
  "createdTime": {
    "$date": "2023-10-06T03:09:14.544Z"
  },
  "_class": "com.ntt.mwonimoney.domain.game.entity.Chat"
},
{
  "_id": {
    "$oid": "651f7a5c08b61047d890ecac"
  },
  "senderNickname": "박기택",
  "message": "금융",
  "senderUUID": "82926a27-1855-4fa3-b2e5-4e15e6fa4b12",
  "balanceGameIdx": 1,
  "createdTime": {
    "$date": "2023-10-06T03:09:16.727Z"
  },
  "_class": "com.ntt.mwonimoney.domain.game.entity.Chat"
},
{
  "_id": {
    "$oid": "651f7a5d08b61047d890ecad"
  },
  "senderNickname": "박기택",
  "message": "주식",
  "senderUUID": "82926a27-1855-4fa3-b2e5-4e15e6fa4b12",
  "balanceGameIdx": 1,
  "createdTime": {
    "$date": "2023-10-06T03:09:17.685Z"
  },
  "_class": "com.ntt.mwonimoney.domain.game.entity.Chat"
},
{
  "_id": {
    "$oid": "651f7a5e08b61047d890ecae"
  },
  "senderNickname": "박기택",
  "message": "매수",
  "senderUUID": "82926a27-1855-4fa3-b2e5-4e15e6fa4b12",
  "balanceGameIdx": 1,
  "createdTime": {
    "$date": "2023-10-06T03:09:18.720Z"
  },
  "_class": "com.ntt.mwonimoney.domain.game.entity.Chat"
},
{
  "_id": {
    "$oid": "651f7a5f08b61047d890ecaf"
  },
  "senderNickname": "박기택",
  "message": "매도",
  "senderUUID": "82926a27-1855-4fa3-b2e5-4e15e6fa4b12",
  "balanceGameIdx": 1,
  "createdTime": {
    "$date": "2023-10-06T03:09:19.223Z"
  },
  "_class": "com.ntt.mwonimoney.domain.game.entity.Chat"
},
{
  "_id": {
    "$oid": "651f7a6008b61047d890ecb0"
  },
  "senderNickname": "박기택",
  "message": "사랑",
  "senderUUID": "82926a27-1855-4fa3-b2e5-4e15e6fa4b12",
  "balanceGameIdx": 1,
  "createdTime": {
    "$date": "2023-10-06T03:09:20.071Z"
  },
  "_class": "com.ntt.mwonimoney.domain.game.entity.Chat"
},
{
  "_id": {
    "$oid": "651f7c4308b61047d890ecb1"
  },
  "senderNickname": "박기택",
  "message": "SSAFY",
  "senderUUID": "82926a27-1855-4fa3-b2e5-4e15e6fa4b12",
  "balanceGameIdx": 1,
  "createdTime": {
    "$date": "2023-10-06T03:17:23.561Z"
  },
  "_class": "com.ntt.mwonimoney.domain.game.entity.Chat"
},
{
  "_id": {
    "$oid": "651f7c5408b61047d890ecb2"
  },
  "senderNickname": "박기택",
  "message": "SSAFY에서 주식 사는 법을 알려주세요",
  "senderUUID": "82926a27-1855-4fa3-b2e5-4e15e6fa4b12",
  "balanceGameIdx": 1,
  "createdTime": {
    "$date": "2023-10-06T03:17:40.208Z"
  },
  "_class": "com.ntt.mwonimoney.domain.game.entity.Chat"
},
{
  "_id": {
    "$oid": "651f7d1908b61047d890ecb7"
  },
  "senderNickname": "재이",
  "message": "주식",
  "senderUUID": "468899cd-8803-4e4e-b346-9bd84f694e1f",
  "balanceGameIdx": 1,
  "createdTime": {
    "$date": "2023-10-06T03:20:57.214Z"
  },
  "_class": "com.ntt.mwonimoney.domain.game.entity.Chat"
},
{
  "_id": {
    "$oid": "651f7d7d08b61047d890ecb8"
  },
  "senderNickname": "박기택",
  "message": "대출",
  "senderUUID": "82926a27-1855-4fa3-b2e5-4e15e6fa4b12",
  "balanceGameIdx": 1,
  "createdTime": {
    "$date": "2023-10-06T03:22:37.268Z"
  },
  "_class": "com.ntt.mwonimoney.domain.game.entity.Chat"
},
{
  "_id": {
    "$oid": "651f7d7e08b61047d890ecb9"
  },
  "senderNickname": "박기택",
  "message": "금리",
  "senderUUID": "82926a27-1855-4fa3-b2e5-4e15e6fa4b12",
  "balanceGameIdx": 1,
  "createdTime": {
    "$date": "2023-10-06T03:22:38.342Z"
  },
  "_class": "com.ntt.mwonimoney.domain.game.entity.Chat"
},
{
  "_id": {
    "$oid": "651f7d9508b61047d890ecba"
  },
  "senderNickname": "재이",
  "message": "매도",
  "senderUUID": "468899cd-8803-4e4e-b346-9bd84f694e1f",
  "balanceGameIdx": 1,
  "createdTime": {
    "$date": "2023-10-06T03:23:01.232Z"
  },
  "_class": "com.ntt.mwonimoney.domain.game.entity.Chat"
},
{
  "_id": {
    "$oid": "651f7d9608b61047d890ecbb"
  },
  "senderNickname": "재이",
  "message": "구매",
  "senderUUID": "468899cd-8803-4e4e-b346-9bd84f694e1f",
  "balanceGameIdx": 1,
  "createdTime": {
    "$date": "2023-10-06T03:23:02.736Z"
  },
  "_class": "com.ntt.mwonimoney.domain.game.entity.Chat"
},
{
  "_id": {
    "$oid": "651f7da108b61047d890ecbc"
  },
  "senderNickname": "재이",
  "message": "삼성주식",
  "senderUUID": "468899cd-8803-4e4e-b346-9bd84f694e1f",
  "balanceGameIdx": 1,
  "createdTime": {
    "$date": "2023-10-06T03:23:13.507Z"
  },
  "_class": "com.ntt.mwonimoney.domain.game.entity.Chat"
},
{
  "_id": {
    "$oid": "651f7dad08b61047d890ecbd"
  },
  "senderNickname": "재이",
  "message": "주식 살거야?",
  "senderUUID": "468899cd-8803-4e4e-b346-9bd84f694e1f",
  "balanceGameIdx": 1,
  "createdTime": {
    "$date": "2023-10-06T03:23:25.680Z"
  },
  "_class": "com.ntt.mwonimoney.domain.game.entity.Chat"
},
{
  "_id": {
    "$oid": "651f7db208b61047d890ecbe"
  },
  "senderNickname": "재이",
  "message": "난 안삼",
  "senderUUID": "468899cd-8803-4e4e-b346-9bd84f694e1f",
  "balanceGameIdx": 1,
  "createdTime": {
    "$date": "2023-10-06T03:23:30.626Z"
  },
  "_class": "com.ntt.mwonimoney.domain.game.entity.Chat"
},
{
  "_id": {
    "$oid": "651f7db608b61047d890ecbf"
  },
  "senderNickname": "박기택",
  "message": "애플 주식 살꺼야",
  "senderUUID": "82926a27-1855-4fa3-b2e5-4e15e6fa4b12",
  "balanceGameIdx": 1,
  "createdTime": {
    "$date": "2023-10-06T03:23:34.659Z"
  },
  "_class": "com.ntt.mwonimoney.domain.game.entity.Chat"
},
{
  "_id": {
    "$oid": "651f7dde08b61047d890ecc0"
  },
  "senderNickname": "박기택",
  "message": "주식을 사는 이유가 뭐야?",
  "senderUUID": "82926a27-1855-4fa3-b2e5-4e15e6fa4b12",
  "balanceGameIdx": 1,
  "createdTime": {
    "$date": "2023-10-06T03:24:14.106Z"
  },
  "_class": "com.ntt.mwonimoney.domain.game.entity.Chat"
},
{
  "_id": {
    "$oid": "651f7de408b61047d890ecc1"
  },
  "senderNickname": "박기택",
  "message": "부자가 되고 싶어요",
  "senderUUID": "82926a27-1855-4fa3-b2e5-4e15e6fa4b12",
  "balanceGameIdx": 1,
  "createdTime": {
    "$date": "2023-10-06T03:24:20.077Z"
  },
  "_class": "com.ntt.mwonimoney.domain.game.entity.Chat"
},
{
  "_id": {
    "$oid": "651f7de608b61047d890ecc2"
  },
  "senderNickname": "박기택",
  "message": "사랑합니다",
  "senderUUID": "82926a27-1855-4fa3-b2e5-4e15e6fa4b12",
  "balanceGameIdx": 1,
  "createdTime": {
    "$date": "2023-10-06T03:24:22.067Z"
  },
  "_class": "com.ntt.mwonimoney.domain.game.entity.Chat"
},
{
  "_id": {
    "$oid": "651f7e0608b61047d890ecc3"
  },
  "senderNickname": "박기택",
  "message": "구글 주식을 살까 애플 주식을 살까",
  "senderUUID": "82926a27-1855-4fa3-b2e5-4e15e6fa4b12",
  "balanceGameIdx": 1,
  "createdTime": {
    "$date": "2023-10-06T03:24:54.792Z"
  },
  "_class": "com.ntt.mwonimoney.domain.game.entity.Chat"
},
{
  "_id": {
    "$oid": "651f7e0b08b61047d890ecc4"
  },
  "senderNickname": "박기택",
  "message": "어떻게 할지 잘 모르겠다",
  "senderUUID": "82926a27-1855-4fa3-b2e5-4e15e6fa4b12",
  "balanceGameIdx": 1,
  "createdTime": {
    "$date": "2023-10-06T03:24:59.524Z"
  },
  "_class": "com.ntt.mwonimoney.domain.game.entity.Chat"
},
{
  "_id": {
    "$oid": "651f7e1408b61047d890ecc5"
  },
  "senderNickname": "박기택",
  "message": "10년 후에는 어떤 주식이 좋을까요?",
  "senderUUID": "82926a27-1855-4fa3-b2e5-4e15e6fa4b12",
  "balanceGameIdx": 1,
  "createdTime": {
    "$date": "2023-10-06T03:25:08.194Z"
  },
  "_class": "com.ntt.mwonimoney.domain.game.entity.Chat"
},
{
  "_id": {
    "$oid": "651f8a497476934dffea3f46"
  },
  "senderNickname": "조성락",
  "message": "음하하",
  "senderUUID": "dcd9f2f3-8eec-41eb-b643-60a3b1115d45",
  "balanceGameIdx": 1,
  "createdTime": {
    "$date": "2023-10-06T04:17:13.144Z"
  },
  "_class": "com.ntt.mwonimoney.domain.game.entity.Chat"
},
{
  "_id": {
    "$oid": "651f8a6a7476934dffea3f47"
  },
  "senderNickname": "조성락",
  "message": "css이상해",
  "senderUUID": "dcd9f2f3-8eec-41eb-b643-60a3b1115d45",
  "balanceGameIdx": 1,
  "createdTime": {
    "$date": "2023-10-06T04:17:46.952Z"
  },
  "_class": "com.ntt.mwonimoney.domain.game.entity.Chat"
},
{
  "_id": {
    "$oid": "651f8a757476934dffea3f48"
  },
  "senderNickname": "조성락",
  "message": "우잇훙",
  "senderUUID": "dcd9f2f3-8eec-41eb-b643-60a3b1115d45",
  "balanceGameIdx": 1,
  "createdTime": {
    "$date": "2023-10-06T04:17:57.432Z"
  },
  "_class": "com.ntt.mwonimoney.domain.game.entity.Chat"
}]